ID,Father,Mother,Spouse,Xpos,Ypos,Sex,Ancestor,Title,Name,Surname,Birthdate,month,year,Deathdate,month,year,Image
1,2,3,4,0.1,0.1,1,0,0,Elizabeth II,Windsor,21,4,1925,0,0,0,0
2,48,51,3,0.1,0.1,0,0,0,George VI,Windsor,12,14,1895,6,2,1952,0
3,0,0,2,0.1,0.1,1,0,0,Elizabeth,Bowes-Lyon,4,8,1900,30,3,2002,0
4,0,0,1,0.1,0.1,0,0,0,Phillip,Mountbatten,10,6,1921,9,4,2021,0
5,1,4,6,0.1,0.1,0,0,0,Charles,Mountbatten-Windsor,14,11,1948,0,0,0,0
6,0,0,5,0.1,0.1,1,0,0,Diana,Spencer,1,7,1961,31,8,1997,0
7,2,3,8,0.1,0.1,1,0,0,Margaret,Windsor,21,8,1930,9,2,2002,0
8,0,0,7,0.1,0.1,0,0,0,Anthony,Armstrong-Jones,7,3,1930,13,1,2017,0
9,5,6,10,0.1,0.1,0,0,0,William,Mountbatten-Windsor,21,7,1982,0,0,0,0
10,0,0,9,0.1,0.1,1,0,0,Catherine,Middleton,1,9,1982,0,0,0,0
11,9,10,0,0.1,0.1,0,0,0,George,Louis,22,7,2013,0,0,0,0
12,9,10,0,0.1,0.1,1,0,0,Charlotte,Diana,2,5,2015,0,0,0,0
13,9,10,0,0.1,0.1,0,0,0,Louis,Charles,23,4,2018,0,0,0,0
14,5,6,15,0.1,0.1,0,0,0,Henry,David,15,9,1984,0,0,0,0
15,0,0,14,0.1,0.1,1,0,0,Meghan,Markle,4,8,1981,0,0,0,0
16,14,15,0,0.1,0.1,0,0,0,Archie,Mountbatten-Windsor,6,5,2019,0,0,0,0
17,14,15,0,0.1,0.1,1,0,0,Lillibet,Mountbatten-Windsor,4,6,2021,0,0,0,0
18,1,4,19,0.1,0.1,1,0,0,Anne,Mountbatten-Windsor,15,8,1950,0,0,0,0
19,0,0,18,0.1,0.1,0,0,0,Mark,Phillips,22,9,1948,0,0,0,0
20,18,19,21,0.1,0.1,0,0,0,Peter,Phillips,15,11,1977,0,0,0,0
21,0,0,20,0.1,0.1,1,0,0,Autumn,Kelly,3,5,1978,0,0,0,0
22,18,19,23,0.1,0.1,1,0,0,Zara,Tindall,15,5,1981,0,0,0,0
23,0,0,22,0.1,0.1,0,0,0,Micheal,Tindall,18,10,1978,0,0,0,0
24,20,21,0,0.1,0.1,1,0,0,Savannah,Phillips,0,0,2010,0,0,0,0
25,20,21,0,0.1,0.1,1,0,0,Isla,Phillips,0,0,2012,0,0,0,0
26,22,23,0,0.1,0.1,1,0,0,Mia,Tindall,0,0,2014,0,0,0,0
27,22,23,0,0.1,0.1,1,0,0,Lena,Tindall,0,0,2018,0,0,0,0
28,22,23,0,0.1,0.1,0,0,0,Lucas,Tindall,0,0,2021,0,0,0,0
29,1,4,30,0.1,0.1,0,0,0,Andrew,Mountbatten-Windsor,19,2,1960,0,0,0,0
30,0,0,29,0.1,0.1,1,0,0,Sarah,Ferguson,15,10,1959,0,0,0,0
31,29,30,32,0.1,0.1,1,0,0,Beatrice,Mozzi,8,8,1988,0,0,0,0
32,0,0,31,0.1,0.1,0,0,0,Edoardo,Mozzi,19,11,1983,0,0,0,0
33,29,30,34,0.1,0.1,1,0,0,Eugenie,Brooksbank,23,3,1990,0,0,0,0
34,0,0,33,0.1,0.1,0,0,0,Jack,Brooksbank,3,5,1986,0,0,0,0
35,33,34,0,0.1,0.1,0,0,0,August,Brooksbank,9,2,2021,0,0,0,0
36,1,4,37,0.1,0.1,0,0,0,Edward,Louis,10,3,1964,0,0,0,0
37,0,0,36,0.1,0.1,1,0,0,Sophie,Rhys-Jones,20,1,1965,0,0,0,0
38,36,37,0,0.1,0.1,1,0,0,Louise,Mountbatten-Windsor,8,11,2003,0,0,0,0
39,36,37,0,0.1,0.1,0,0,0,James,Mountbatten-Windsor,17,12,2007,0,0,0,0
40,7,8,41,0.1,0.1,0,0,0,David,Armstrong-Jones,3,11,1961,0,0,0,0
41,0,0,40,0.1,0.1,1,0,0,Serena,Stanhope,1,3,1970,0,0,0,0
42,40,41,0,0.1,0.1,0,0,0,Charles,Armstrong-Jones,1,7,1999,0,0,0,0
43,40,41,0,0.1,0.1,1,0,0,Margarita,Armstrong-Jones,14,5,2002,0,0,0,0
44,7,8,45,0.1,0.1,1,0,0,Sarah,Chatto,1,5,1964,0,0,0,0
45,0,0,44,0.1,0.1,0,0,0,Daniel,Chatto,22,4,1957,0,0,0,0
46,44,45,0,0.1,0.1,0,0,0,Samuel,Chatto,28,7,1996,0,0,0,0
47,44,45,0,0.1,0.1,0,0,0,Arthur,Chatto,5,2,1999,0,0,0,0
48,49,50,51,0.1,0.1,0,0,0,George V,Albert,3,6,1865,20,1,1936,0
49,58,59,50,0.1,0.1,0,0,0,Edward VII,Edward,9,11,1841,6,5,1910,0
50,0,0,49,0.1,0.1,1,0,0,Alexandra,Julia,1,12,1844,1,1,1903,0
51,0,0,48,0.1,0.1,1,0,0,Mary,Agnes,26,5,1867,24,3,1953,0
52,48,51,53,0.1,0.1,0,0,0,Edward VIII,David,23,6,1894,28,5,1972,0
53,0,0,52,0.1,0.1,1,0,0,Wallis,Simpson,19,6,1898,24,4,1986,0
54,48,51,0,0.1,0.1,1,0,0,Victoria,Mary,25,4,1897,28,3,1965,0
55,48,51,0,0.1,0.1,0,0,0,Henry,Albert,31,3,1900,10,6,1974,0
56,48,51,0,0.1,0.1,0,0,0,George,Albert,20,12,1902,25,8,1942,0
57,48,51,0,0.1,0.1,0,0,0,John,Albert,12,7,1905,18,1,1919,0
58,68,69,59,0.1,0.1,1,0,0,Victoria,Windsor,20,6,1937,22,1,1901,0
59,0,0,58,0.1,0.1,0,0,0,Albert,Emmanuel,26,8,1819,14,11,1861,0
60,58,59,0,0.1,0.1,1,0,0,Victoria,Louisa,21,11,1840,5,8,1901,0
61,58,59,0,0.1,0.1,1,0,0,Alice,Mary,9,11,1841,6,5,1910,0
62,58,59,0,0.1,0.1,0,0,0,Alfred,Albert,6,8,1844,31,7,1900,0
63,58,59,0,0.1,0.1,1,0,0,Helena,Victoria,25,5,1846,9,6,1923,0
64,58,59,0,0.1,0.1,1,0,0,Louise,Alberta,18,3,1848,3,12,1939,0
65,58,59,0,0.1,0.1,0,0,0,Arthur,Albert,1,5,1850,16,1,1942,0
66,58,59,0,0.1,0.1,0,0,0,Leopold,Albert,7,4,1853,28,3,1884,0
67,58,59,0,0.1,0.1,1,0,0,Beatrice,Feodore,14,4,1857,26,10,1944,0
68,0,0,69,0.1,0.1,0,0,0,William IV,Windsor,21,8,1765,20,6,1837,0
69,0,0,68,0.1,0.1,1,0,0,Adelaide,Caroline,13,8,1792,2,12,1849,0